Selection,Scenario name,vehYear,vehPtType,dragCoef,frontalAreaM2,gliderKg,vehCgM,driveAxleWeightFrac,wheelBaseM,cargoKg,vehOverrideKg,maxFuelStorKw,fuelStorSecsToPeakPwr,fuelStorKwh,fuelStorKwhPerKg,maxFuelConvKw,fcEffMap,fcEffType,fuelConvSecsToPeakPwr,fuelConvBaseKg,fuelConvKwPerKg,mcPwrOutPerc,maxMotorKw,motorSecsToPeakPwr,stopStart,mcPeKgPerKw,mcPeBaseKg,maxEssKw,maxEssKwh,essKgPerKwh,essBaseKg,essRoundTripEff,essLifeCoefA,essLifeCoefB,wheelInertiaKgM2,numWheels,wheelRrCoef,wheelRadiusM,wheelCoefOfFric,minSoc,maxSoc,essDischgToFcMaxEffPerc,essChgToFcMaxEffPerc,maxAccelBufferMph,maxAccelBufferPercOfUseableSoc,percHighAccBuf,mphFcOn,kwDemandFcOn,altEff,chgEff,auxKw,forceAuxOnFC,transKg,transEff,compMassMultiplier,essToFuelOkError,maxRegen,valUddsMpgge,valHwyMpgge,valCombMpgge,valUddsKwhPerMile,valHwyKwhPerMile,valCombKwhPerMile,valCdRangeMi,valConst65MphKwhPerMile,valConst60MphKwhPerMile,valConst55MphKwhPerMile,valConst45MphKwhPerMile,valUnadjUddsKwhPerMile,valUnadjHwyKwhPerMile,val0To60Mph,valEssLifeMiles,valRangeMiles,valVehBaseCost,valMsrp,minFcTimeOn,idleFcKw,mcEffMap
1,2022 Hyundai Ioniq 5 AWD (Long Range),2022,BEV,0.36745476701888,2.5703920831758005,1359.166,-0.53,0.59,2.6,136.0,2267.9645471781987,0.0,1.0,0.0,9.89,0.0,"[0.1, 0.12, 0.16, 0.22, 0.28, 0.33, 0.35, 0.36, 0.35, 0.34, 0.32, 0.3]",SI,6.0,61.0,2.13,"[0.0, 0.02, 0.04, 0.06, 0.08, 0.1, 0.2, 0.4, 0.6, 0.8, 1.0]",239.0,4.0,False,0.833,21.6,262.90000000000003,77.4,8.0,75.0,0.97,110.0,-0.6811,0.815,4.0,0.0074760677967586,0.336,0.7,0.0,1.0,0.0,0.0,60.0,0.2,0.0,1.0,100.0,1.0,0.86,0.25,False,114.0,0.98,1.4,0.005,0.98,0,0,0,0,0,0,0,0,0,0,0,0,0,0,0,0,0,0,30.0,0.0,"[0.84, 0.86, 0.88, 0.9, 0.91, 0.92, 0.9400000000000001, 0.95, 0.95, 0.9400000000000001, 0.93]"
2,2022 Porsche Taycan 4S Perf Battery,2022,BEV,0.3488710445177119,2.307742892137003,1359.166,-0.53,0.59,2.6,136.0,2494.7610018960186,0.0,1.0,0.0,9.89,0.0,"[0.1, 0.12, 0.16, 0.22, 0.28, 0.33, 0.35, 0.36, 0.35, 0.34, 0.32, 0.3]",SI,6.0,61.0,2.13,"[0.0, 0.02, 0.04, 0.06, 0.08, 0.1, 0.2, 0.4, 0.6, 0.8, 1.0]",420.0,4.0,False,0.833,21.6,352.0,79.2,8.0,75.0,0.97,110.0,-0.6811,0.815,4.0,0.0089090014335815,0.336,0.7,0.0,1.0,0.0,0.0,60.0,0.2,0.0,1.0,100.0,1.0,0.86,0.25,False,114.0,0.98,1.4,0.005,0.98,0,0,0,0,0,0,0,0,0,0,0,0,0,0,0,0,0,0,30.0,0.0,"[0.84, 0.86, 0.88, 0.9, 0.91, 0.92, 0.9400000000000001, 0.95, 0.95, 0.9400000000000001, 0.93]"
3,2022 Tesla Model X Plaid (20 inch wheels),2022,BEV,0.2946996028055373,2.852739278060747,1359.166,-0.53,0.59,2.6,136.0,2494.7610018960186,0.0,1.0,0.0,9.89,0.0,"[0.1, 0.12, 0.16, 0.22, 0.28, 0.33, 0.35, 0.36, 0.35, 0.34, 0.32, 0.3]",SI,6.0,61.0,2.13,"[0.0, 0.02, 0.04, 0.06, 0.08, 0.1, 0.2, 0.4, 0.6, 0.8, 1.0]",758.0,4.0,False,0.833,21.6,833.8000000000001,100.0,8.0,75.0,0.97,110.0,-0.6811,0.815,4.0,0.007510412390508,0.336,0.7,0.0,1.0,0.0,0.0,60.0,0.2,0.0,1.0,100.0,1.0,0.86,0.25,False,114.0,0.98,1.4,0.005,0.98,0,0,0,0,0,0,0,0,0,0,0,0,0,0,0,0,0,0,30.0,0.0,"[0.84, 0.86, 0.88, 0.9, 0.91, 0.92, 0.9400000000000001, 0.95, 0.95, 0.9400000000000001, 0.93]"
4,2022 Tesla Model Y Performance AWD,2022,BEV,0.255266716942908,2.6533079568266325,1359.166,-0.53,0.59,2.6,136.0,2154.5663198192888,0.0,1.0,0.0,9.89,0.0,"[0.1, 0.12, 0.16, 0.22, 0.28, 0.33, 0.35, 0.36, 0.35, 0.34, 0.32, 0.3]",SI,6.0,61.0,2.13,"[0.0, 0.02, 0.04, 0.06, 0.08, 0.1, 0.2, 0.4, 0.6, 0.8, 1.0]",342.0,4.0,False,0.833,21.6,376.2000000000001,78.0,8.0,75.0,0.97,110.0,-0.6811,0.815,4.0,0.0081861877840304,0.336,0.7,0.0,1.0,0.0,0.0,60.0,0.2,0.0,1.0,100.0,1.0,0.86,0.25,False,114.0,0.98,1.4,0.005,0.98,0,0,0,0,0,0,0,0,0,0,0,0,0,0,0,0,0,0,30.0,0.0,"[0.84, 0.86, 0.88, 0.9, 0.91, 0.92, 0.9400000000000001, 0.95, 0.95, 0.9400000000000001, 0.93]"
5,2022 Porsche Taycan GTS ST,2022,BEV,0.341770349282846,2.358742735057158,1359.166,-0.53,0.59,2.6,136.0,2494.7610018960186,0.0,1.0,0.0,9.89,0.0,"[0.1, 0.12, 0.16, 0.22, 0.28, 0.33, 0.35, 0.36, 0.35, 0.34, 0.32, 0.3]",SI,6.0,61.0,2.13,"[0.0, 0.02, 0.04, 0.06, 0.08, 0.1, 0.2, 0.4, 0.6, 0.8, 1.0]",510.0,4.0,False,0.833,21.6,418.00000000000006,93.4,8.0,75.0,0.97,110.0,-0.6811,0.815,4.0,0.0081344373450567,0.336,0.7,0.0,1.0,0.0,0.0,60.0,0.2,0.0,1.0,100.0,1.0,0.86,0.25,False,114.0,0.98,1.4,0.005,0.98,0,0,0,0,0,0,0,0,0,0,0,0,0,0,0,0,0,0,30.0,0.0,"[0.84, 0.86, 0.88, 0.9, 0.91, 0.92, 0.9400000000000001, 0.95, 0.95, 0.9400000000000001, 0.93]"
6,2022 BMW iX xDrive50 (22 inch wheels),2022,BEV,0.2855353071492368,2.877773071924243,1359.166,-0.53,0.59,2.6,136.0,2721.5574566138384,0.0,1.0,0.0,9.89,0.0,"[0.1, 0.12, 0.16, 0.22, 0.28, 0.33, 0.35, 0.36, 0.35, 0.34, 0.32, 0.3]",SI,6.0,61.0,2.13,"[0.0, 0.02, 0.04, 0.06, 0.08, 0.1, 0.2, 0.4, 0.6, 0.8, 1.0]",422.0,4.0,False,0.833,21.6,423.50000000000006,111.5,8.0,75.0,0.97,110.0,-0.6811,0.815,4.0,0.0076685170789434,0.336,0.7,0.0,1.0,0.0,0.0,60.0,0.2,0.0,1.0,100.0,1.0,0.86,0.25,False,114.0,0.98,1.4,0.005,0.98,0,0,0,0,0,0,0,0,0,0,0,0,0,0,0,0,0,0,30.0,0.0,"[0.84, 0.86, 0.88, 0.9, 0.91, 0.92, 0.9400000000000001, 0.95, 0.95, 0.9400000000000001, 0.93]"
7,2022 Porsche Taycan 4 Cross Turismo,2022,BEV,0.3417688790676398,2.3556991960441818,1359.166,-0.53,0.59,2.6,136.0,2494.7610018960186,0.0,1.0,0.0,9.89,0.0,"[0.1, 0.12, 0.16, 0.22, 0.28, 0.33, 0.35, 0.36, 0.35, 0.34, 0.32, 0.3]",SI,6.0,61.0,2.13,"[0.0, 0.02, 0.04, 0.06, 0.08, 0.1, 0.2, 0.4, 0.6, 0.8, 1.0]",350.0,4.0,False,0.833,21.6,385.00000000000006,93.4,8.0,75.0,0.97,110.0,-0.6811,0.815,4.0,0.0089090014442439,0.336,0.7,0.0,1.0,0.0,0.0,60.0,0.2,0.0,1.0,100.0,1.0,0.86,0.25,False,114.0,0.98,1.4,0.005,0.98,0,0,0,0,0,0,0,0,0,0,0,0,0,0,0,0,0,0,30.0,0.0,"[0.84, 0.86, 0.88, 0.9, 0.91, 0.92, 0.9400000000000001, 0.95, 0.95, 0.9400000000000001, 0.93]"
8,2022 Hyundai Ioniq 5 RWD (Long Range),2022,BEV,0.3492022237172503,2.5703920831758005,1359.166,-0.53,0.59,2.6,136.0,2041.1680924603788,0.0,1.0,0.0,9.89,0.0,"[0.1, 0.12, 0.16, 0.22, 0.28, 0.33, 0.35, 0.36, 0.35, 0.34, 0.32, 0.3]",SI,6.0,61.0,2.13,"[0.0, 0.02, 0.04, 0.06, 0.08, 0.1, 0.2, 0.4, 0.6, 0.8, 1.0]",168.0,4.0,False,0.833,21.6,184.8,77.4,8.0,75.0,0.97,110.0,-0.6811,0.815,4.0,0.0058993210873437,0.336,0.7,0.0,1.0,0.0,0.0,60.0,0.2,0.0,1.0,100.0,1.0,0.86,0.25,False,114.0,0.98,1.4,0.005,0.98,0,0,0,0,0,0,0,0,0,0,0,0,0,0,0,0,0,0,30.0,0.0,"[0.84, 0.86, 0.88, 0.9, 0.91, 0.92, 0.9400000000000001, 0.95, 0.95, 0.9400000000000001, 0.93]"
9,2022 Audi e-tron S (20in wheels),2022,BEV,0.3067241760290946,2.7945171993206093,1359.166,-0.53,0.59,2.6,136.0,2948.3539113316583,0.0,1.0,0.0,9.89,0.0,"[0.1, 0.12, 0.16, 0.22, 0.28, 0.33, 0.35, 0.36, 0.35, 0.34, 0.32, 0.3]",SI,6.0,61.0,2.13,"[0.0, 0.02, 0.04, 0.06, 0.08, 0.1, 0.2, 0.4, 0.6, 0.8, 1.0]",414.0,4.0,False,0.833,21.6,407.00000000000006,95.0,8.0,75.0,0.97,110.0,-0.6811,0.815,4.0,0.0060154131826058,0.336,0.7,0.0,1.0,0.0,0.0,60.0,0.2,0.0,1.0,100.0,1.0,0.86,0.25,False,114.0,0.98,1.4,0.005,0.98,0,0,0,0,0,0,0,0,0,0,0,0,0,0,0,0,0,0,30.0,0.0,"[0.84, 0.86, 0.88, 0.9, 0.91, 0.92, 0.9400000000000001, 0.95, 0.95, 0.9400000000000001, 0.93]"
10,2022 BMW i4 M50 Gran Coupe (20 inch wheels),2022,BEV,0.2880591496232432,2.298694532909234,1359.166,-0.53,0.59,2.6,136.0,2381.3627745371086,0.0,1.0,0.0,9.89,0.0,"[0.1, 0.12, 0.16, 0.22, 0.28, 0.33, 0.35, 0.36, 0.35, 0.34, 0.32, 0.3]",SI,6.0,61.0,2.13,"[0.0, 0.02, 0.04, 0.06, 0.08, 0.1, 0.2, 0.4, 0.6, 0.8, 1.0]",420.0,4.0,False,0.833,21.6,440.00000000000006,83.9,8.0,75.0,0.97,110.0,-0.6811,0.815,4.0,0.0084329581975173,0.336,0.7,0.0,1.0,0.0,0.0,60.0,0.2,0.0,1.0,100.0,1.0,0.86,0.25,False,114.0,0.98,1.4,0.005,0.98,0,0,0,0,0,0,0,0,0,0,0,0,0,0,0,0,0,0,30.0,0.0,"[0.84, 0.86, 0.88, 0.9, 0.91, 0.92, 0.9400000000000001, 0.95, 0.95, 0.9400000000000001, 0.93]"
11,2022 Audi Q4 e-tron quattro,2022,BEV,0.3114073851826032,2.6042713336662,1359.166,-0.53,0.59,2.6,136.0,2381.3627745371086,0.0,1.0,0.0,9.89,0.0,"[0.1, 0.12, 0.16, 0.22, 0.28, 0.33, 0.35, 0.36, 0.35, 0.34, 0.32, 0.3]",SI,6.0,61.0,2.13,"[0.0, 0.02, 0.04, 0.06, 0.08, 0.1, 0.2, 0.4, 0.6, 0.8, 1.0]",230.0,4.0,False,0.833,21.6,242.00000000000003,82.0,8.0,75.0,0.97,110.0,-0.6811,0.815,4.0,0.0071262439184611,0.336,0.7,0.0,1.0,0.0,0.0,60.0,0.2,0.0,1.0,100.0,1.0,0.86,0.25,False,114.0,0.98,1.4,0.005,0.98,0,0,0,0,0,0,0,0,0,0,0,0,0,0,0,0,0,0,30.0,0.0,"[0.84, 0.86, 0.88, 0.9, 0.91, 0.92, 0.9400000000000001, 0.95, 0.95, 0.9400000000000001, 0.93]"
12,2022 Nissan Leaf (62 kW-hr battery pack),2022,BEV,0.3696554641714578,2.3815281487489046,1359.166,0.53,0.59,2.6,136.0,1927.769865101469,0.0,1.0,0.0,9.89,0.0,"[0.1, 0.12, 0.16, 0.22, 0.28, 0.33, 0.35, 0.36, 0.35, 0.34, 0.32, 0.3]",SI,6.0,61.0,2.13,"[0.0, 0.02, 0.04, 0.06, 0.08, 0.1, 0.2, 0.4, 0.6, 0.8, 1.0]",160.0,4.0,False,0.833,21.6,176.0,62.0,8.0,75.0,0.97,110.0,-0.6811,0.815,4.0,0.0076047492057119,0.336,0.7,0.0,1.0,0.0,0.0,60.0,0.2,0.0,1.0,100.0,1.0,0.86,0.25,False,114.0,0.98,1.4,0.005,0.98,0,0,0,0,0,0,0,0,0,0,0,0,0,0,0,0,0,0,30.0,0.0,"[0.84, 0.86, 0.88, 0.9, 0.91, 0.92, 0.9400000000000001, 0.95, 0.95, 0.9400000000000001, 0.93]"
13,2022 MINI Cooper SE Hardtop 2 door,2022,BEV,0.3261816574680473,2.103167715778253,1359.166,0.53,0.59,2.6,136.0,1417.4778419863742,0.0,1.0,0.0,9.89,0.0,"[0.1, 0.12, 0.16, 0.22, 0.28, 0.33, 0.35, 0.36, 0.35, 0.34, 0.32, 0.3]",SI,6.0,61.0,2.13,"[0.0, 0.02, 0.04, 0.06, 0.08, 0.1, 0.2, 0.4, 0.6, 0.8, 1.0]",135.0,4.0,False,0.833,21.6,148.5,32.6,8.0,75.0,0.97,110.0,-0.6811,0.815,4.0,0.0116234353890814,0.336,0.7,0.0,1.0,0.0,0.0,60.0,0.2,0.0,1.0,100.0,1.0,0.86,0.25,False,114.0,0.98,1.4,0.005,0.98,0,0,0,0,0,0,0,0,0,0,0,0,0,0,0,0,0,0,30.0,0.0,"[0.84, 0.86, 0.88, 0.9, 0.91, 0.92, 0.9400000000000001, 0.95, 0.95, 0.9400000000000001, 0.93]"
14,2022 Volkswagen ID.4 Pro,2022,BEV,0.282788701308384,2.5825333361032436,1359.166,-0.53,0.59,2.6,136.0,2154.5663198192888,0.0,1.0,0.0,9.89,0.0,"[0.1, 0.12, 0.16, 0.22, 0.28, 0.33, 0.35, 0.36, 0.35, 0.34, 0.32, 0.3]",SI,6.0,61.0,2.13,"[0.0, 0.02, 0.04, 0.06, 0.08, 0.1, 0.2, 0.4, 0.6, 0.8, 1.0]",150.0,4.0,False,0.833,21.6,165.0,82.0,8.0,75.0,0.97,110.0,-0.6811,0.815,4.0,0.0059447222464404,0.336,0.7,0.0,1.0,0.0,0.0,60.0,0.2,0.0,1.0,100.0,1.0,0.86,0.25,False,114.0,0.98,1.4,0.005,0.98,0,0,0,0,0,0,0,0,0,0,0,0,0,0,0,0,0,0,30.0,0.0,"[0.84, 0.86, 0.88, 0.9, 0.91, 0.92, 0.9400000000000001, 0.95, 0.95, 0.9400000000000001, 0.93]"
15,2022 Audi e-tron Sportback quattro,2022,BEV,0.3134856861377527,2.7161529245540494,1359.166,-0.53,0.59,2.6,136.0,2721.5574566138384,0.0,1.0,0.0,9.89,0.0,"[0.1, 0.12, 0.16, 0.22, 0.28, 0.33, 0.35, 0.36, 0.35, 0.34, 0.32, 0.3]",SI,6.0,61.0,2.13,"[0.0, 0.02, 0.04, 0.06, 0.08, 0.1, 0.2, 0.4, 0.6, 0.8, 1.0]",414.0,4.0,False,0.833,21.6,407.00000000000006,95.0,8.0,75.0,0.97,110.0,-0.6811,0.815,4.0,0.0068977574394895,0.336,0.7,0.0,1.0,0.0,0.0,60.0,0.2,0.0,1.0,100.0,1.0,0.86,0.25,False,114.0,0.98,1.4,0.005,0.98,0,0,0,0,0,0,0,0,0,0,0,0,0,0,0,0,0,0,30.0,0.0,"[0.84, 0.86, 0.88, 0.9, 0.91, 0.92, 0.9400000000000001, 0.95, 0.95, 0.9400000000000001, 0.93]"
16,2022 Volkswagen ID.4 AWD Pro,2022,BEV,0.2999608985028251,2.5825333361032436,1359.166,-0.53,0.59,2.6,136.0,2267.9645471781987,0.0,1.0,0.0,9.89,0.0,"[0.1, 0.12, 0.16, 0.22, 0.28, 0.33, 0.35, 0.36, 0.35, 0.34, 0.32, 0.3]",SI,6.0,61.0,2.13,"[0.0, 0.02, 0.04, 0.06, 0.08, 0.1, 0.2, 0.4, 0.6, 0.8, 1.0]",230.0,4.0,False,0.833,21.6,242.00000000000003,82.0,8.0,75.0,0.97,110.0,-0.6811,0.815,4.0,0.0061722073070504,0.336,0.7,0.0,1.0,0.0,0.0,60.0,0.2,0.0,1.0,100.0,1.0,0.86,0.25,False,114.0,0.98,1.4,0.005,0.98,0,0,0,0,0,0,0,0,0,0,0,0,0,0,0,0,0,0,30.0,0.0,"[0.84, 0.86, 0.88, 0.9, 0.91, 0.92, 0.9400000000000001, 0.95, 0.95, 0.9400000000000001, 0.93]"
17,2022 Audi e-tron quattro,2022,BEV,0.3110926659985669,2.7370464085890807,1359.166,-0.53,0.59,2.6,136.0,2721.5574566138384,0.0,1.0,0.0,9.89,0.0,"[0.1, 0.12, 0.16, 0.22, 0.28, 0.33, 0.35, 0.36, 0.35, 0.34, 0.32, 0.3]",SI,6.0,61.0,2.13,"[0.0, 0.02, 0.04, 0.06, 0.08, 0.1, 0.2, 0.4, 0.6, 0.8, 1.0]",300.0,4.0,False,0.833,21.6,291.5,95.0,8.0,75.0,0.97,110.0,-0.6811,0.815,4.0,0.0068977574410578,0.336,0.7,0.0,1.0,0.0,0.0,60.0,0.2,0.0,1.0,100.0,1.0,0.86,0.25,False,114.0,0.98,1.4,0.005,0.98,0,0,0,0,0,0,0,0,0,0,0,0,0,0,0,0,0,0,30.0,0.0,"[0.84, 0.86, 0.88, 0.9, 0.91, 0.92, 0.9400000000000001, 0.95, 0.95, 0.9400000000000001, 0.93]"
18,2022 Ford Mustang Mach-E RWD Extended,2022,BEV,0.3319915238013496,2.596599421811866,1359.166,-0.53,0.59,2.6,136.0,2267.9645471781987,0.0,1.0,0.0,9.89,0.0,"[0.1, 0.12, 0.16, 0.22, 0.28, 0.33, 0.35, 0.36, 0.35, 0.34, 0.32, 0.3]",SI,6.0,61.0,2.13,"[0.0, 0.02, 0.04, 0.06, 0.08, 0.1, 0.2, 0.4, 0.6, 0.8, 1.0]",216.0,4.0,False,0.833,21.6,237.6,91.0,8.0,75.0,0.97,110.0,-0.6811,0.815,4.0,0.0072122230053012,0.336,0.7,0.0,1.0,0.0,0.0,60.0,0.2,0.0,1.0,100.0,1.0,0.86,0.25,False,114.0,0.98,1.4,0.005,0.98,0,0,0,0,0,0,0,0,0,0,0,0,0,0,0,0,0,0,30.0,0.0,"[0.84, 0.86, 0.88, 0.9, 0.91, 0.92, 0.9400000000000001, 0.95, 0.95, 0.9400000000000001, 0.93]"
19,2022 Audi e-tron GT,2022,BEV,0.3137798462118641,2.348416637829346,1359.166,-0.53,0.59,2.6,136.0,2494.7610018960186,0.0,1.0,0.0,9.89,0.0,"[0.1, 0.12, 0.16, 0.22, 0.28, 0.33, 0.35, 0.36, 0.35, 0.34, 0.32, 0.3]",SI,6.0,61.0,2.13,"[0.0, 0.02, 0.04, 0.06, 0.08, 0.1, 0.2, 0.4, 0.6, 0.8, 1.0]",495.0,4.0,False,0.833,21.6,427.9,93.4,8.0,75.0,0.97,110.0,-0.6811,0.815,4.0,0.008431696326208,0.336,0.7,0.0,1.0,0.0,0.0,60.0,0.2,0.0,1.0,100.0,1.0,0.86,0.25,False,114.0,0.98,1.4,0.005,0.98,0,0,0,0,0,0,0,0,0,0,0,0,0,0,0,0,0,0,30.0,0.0,"[0.84, 0.86, 0.88, 0.9, 0.91, 0.92, 0.9400000000000001, 0.95, 0.95, 0.9400000000000001, 0.93]"
20,2022 Porsche Taycan 4S Cross Turismo,2022,BEV,0.346667431858926,2.322412201794145,1359.166,-0.53,0.59,2.6,136.0,2494.7610018960186,0.0,1.0,0.0,9.89,0.0,"[0.1, 0.12, 0.16, 0.22, 0.28, 0.33, 0.35, 0.36, 0.35, 0.34, 0.32, 0.3]",SI,6.0,61.0,2.13,"[0.0, 0.02, 0.04, 0.06, 0.08, 0.1, 0.2, 0.4, 0.6, 0.8, 1.0]",495.0,4.0,False,0.833,21.6,394.9,93.4,8.0,75.0,0.97,110.0,-0.6811,0.815,4.0,0.008909001444622,0.336,0.7,0.0,1.0,0.0,0.0,60.0,0.2,0.0,1.0,100.0,1.0,0.86,0.25,False,114.0,0.98,1.4,0.005,0.98,0,0,0,0,0,0,0,0,0,0,0,0,0,0,0,0,0,0,30.0,0.0,"[0.84, 0.86, 0.88, 0.9, 0.91, 0.92, 0.9400000000000001, 0.95, 0.95, 0.9400000000000001, 0.93]"
21,2022 Porsche Taycan Turbo,2022,BEV,0.3482297375018045,2.311992879047016,1359.166,-0.53,0.59,2.6,136.0,2494.7610018960186,0.0,1.0,0.0,9.89,0.0,"[0.1, 0.12, 0.16, 0.22, 0.28, 0.33, 0.35, 0.36, 0.35, 0.34, 0.32, 0.3]",SI,6.0,61.0,2.13,"[0.0, 0.02, 0.04, 0.06, 0.08, 0.1, 0.2, 0.4, 0.6, 0.8, 1.0]",510.0,4.0,False,0.833,21.6,504.9,93.4,8.0,75.0,0.97,110.0,-0.6811,0.815,4.0,0.0089090014484988,0.336,0.7,0.0,1.0,0.0,0.0,60.0,0.2,0.0,1.0,100.0,1.0,0.86,0.25,False,114.0,0.98,1.4,0.005,0.98,0,0,0,0,0,0,0,0,0,0,0,0,0,0,0,0,0,0,30.0,0.0,"[0.84, 0.86, 0.88, 0.9, 0.91, 0.92, 0.9400000000000001, 0.95, 0.95, 0.9400000000000001, 0.93]"
22,2022 Volvo XC40 Recharge twin,2022,BEV,0.3600494056823188,2.6189570948855736,1359.166,-0.53,0.59,2.6,136.0,2267.9645471781987,0.0,1.0,0.0,9.89,0.0,"[0.1, 0.12, 0.16, 0.22, 0.28, 0.33, 0.35, 0.36, 0.35, 0.34, 0.32, 0.3]",SI,6.0,61.0,2.13,"[0.0, 0.02, 0.04, 0.06, 0.08, 0.1, 0.2, 0.4, 0.6, 0.8, 1.0]",300.0,4.0,False,0.833,21.6,330.0,78.0,8.0,75.0,0.97,110.0,-0.6811,0.815,4.0,0.0075975688844599,0.336,0.7,0.0,1.0,0.0,0.0,60.0,0.2,0.0,1.0,100.0,1.0,0.86,0.25,False,114.0,0.98,1.4,0.005,0.98,0,0,0,0,0,0,0,0,0,0,0,0,0,0,0,0,0,0,30.0,0.0,"[0.84, 0.86, 0.88, 0.9, 0.91, 0.92, 0.9400000000000001, 0.95, 0.95, 0.9400000000000001, 0.93]"
23,2022 Nissan Leaf SV/SL (62 kW-hr battery pack),2022,BEV,0.3672706053685476,2.396992617247274,1359.166,0.53,0.59,2.6,136.0,1927.769865101469,0.0,1.0,0.0,9.89,0.0,"[0.1, 0.12, 0.16, 0.22, 0.28, 0.33, 0.35, 0.36, 0.35, 0.34, 0.32, 0.3]",SI,6.0,61.0,2.13,"[0.0, 0.02, 0.04, 0.06, 0.08, 0.1, 0.2, 0.4, 0.6, 0.8, 1.0]",160.0,4.0,False,0.833,21.6,176.0,62.0,8.0,75.0,0.97,110.0,-0.6811,0.815,4.0,0.0076047481432607,0.336,0.7,0.0,1.0,0.0,0.0,60.0,0.2,0.0,1.0,100.0,1.0,0.86,0.25,False,114.0,0.98,1.4,0.005,0.98,0,0,0,0,0,0,0,0,0,0,0,0,0,0,0,0,0,0,30.0,0.0,"[0.84, 0.86, 0.88, 0.9, 0.91, 0.92, 0.9400000000000001, 0.95, 0.95, 0.9400000000000001, 0.93]"
24,2022 Ford Mustang Mach-E AWD,2022,BEV,0.3527136014894723,2.6006629576832467,1359.166,-0.53,0.59,2.6,136.0,2267.9645471781987,0.0,1.0,0.0,9.89,0.0,"[0.1, 0.12, 0.16, 0.22, 0.28, 0.33, 0.35, 0.36, 0.35, 0.34, 0.32, 0.3]",SI,6.0,61.0,2.13,"[0.0, 0.02, 0.04, 0.06, 0.08, 0.1, 0.2, 0.4, 0.6, 0.8, 1.0]",248.0,4.0,False,0.833,21.6,217.8,70.0,8.0,75.0,0.97,110.0,-0.6811,0.815,4.0,0.007446570519418,0.336,0.7,0.0,1.0,0.0,0.0,60.0,0.2,0.0,1.0,100.0,1.0,0.86,0.25,False,114.0,0.98,1.4,0.005,0.98,0,0,0,0,0,0,0,0,0,0,0,0,0,0,0,0,0,0,30.0,0.0,"[0.84, 0.86, 0.88, 0.9, 0.91, 0.92, 0.9400000000000001, 0.95, 0.95, 0.9400000000000001, 0.93]"
25,2022 Volvo C40 Recharge twin,2022,BEV,0.3791273942623068,2.4871691136966314,1359.166,-0.53,0.59,2.6,136.0,2267.9645471781987,0.0,1.0,0.0,9.89,0.0,"[0.1, 0.12, 0.16, 0.22, 0.28, 0.33, 0.35, 0.36, 0.35, 0.34, 0.32, 0.3]",SI,6.0,61.0,2.13,"[0.0, 0.02, 0.04, 0.06, 0.08, 0.1, 0.2, 0.4, 0.6, 0.8, 1.0]",300.0,4.0,False,0.833,21.6,330.0,78.0,8.0,75.0,0.97,110.0,-0.6811,0.815,4.0,0.0075975689029458,0.336,0.7,0.0,1.0,0.0,0.0,60.0,0.2,0.0,1.0,100.0,1.0,0.86,0.25,False,114.0,0.98,1.4,0.005,0.98,0,0,0,0,0,0,0,0,0,0,0,0,0,0,0,0,0,0,30.0,0.0,"[0.84, 0.86, 0.88, 0.9, 0.91, 0.92, 0.9400000000000001, 0.95, 0.95, 0.9400000000000001, 0.93]"
26,2022 Mercedes-Benz EQS 450 Plus,2022,BEV,0.261730199743305,2.4774297888551056,1359.166,-0.53,0.59,2.6,136.0,2721.5574566138384,0.0,1.0,0.0,9.89,0.0,"[0.1, 0.12, 0.16, 0.22, 0.28, 0.33, 0.35, 0.36, 0.35, 0.34, 0.32, 0.3]",SI,6.0,61.0,2.13,"[0.0, 0.02, 0.04, 0.06, 0.08, 0.1, 0.2, 0.4, 0.6, 0.8, 1.0]",245.0,4.0,False,0.833,21.6,269.5,107.8,8.0,75.0,0.97,110.0,-0.6811,0.815,4.0,0.0080751087588291,0.336,0.7,0.0,1.0,0.0,0.0,60.0,0.2,0.0,1.0,100.0,1.0,0.86,0.25,False,114.0,0.98,1.4,0.005,0.98,0,0,0,0,0,0,0,0,0,0,0,0,0,0,0,0,0,0,30.0,0.0,"[0.84, 0.86, 0.88, 0.9, 0.91, 0.92, 0.9400000000000001, 0.95, 0.95, 0.9400000000000001, 0.93]"
27,2022 Tesla Model X Plaid (22 inch wheels),2022,BEV,0.2946996028055373,2.852739278060747,1359.166,-0.53,0.59,2.6,136.0,2494.7610018960186,0.0,1.0,0.0,9.89,0.0,"[0.1, 0.12, 0.16, 0.22, 0.28, 0.33, 0.35, 0.36, 0.35, 0.34, 0.32, 0.3]",SI,6.0,61.0,2.13,"[0.0, 0.02, 0.04, 0.06, 0.08, 0.1, 0.2, 0.4, 0.6, 0.8, 1.0]",758.0,4.0,False,0.833,21.6,833.8000000000001,100.0,8.0,75.0,0.97,110.0,-0.6811,0.815,4.0,0.007510412390508,0.336,0.7,0.0,1.0,0.0,0.0,60.0,0.2,0.0,1.0,100.0,1.0,0.86,0.25,False,114.0,0.98,1.4,0.005,0.98,0,0,0,0,0,0,0,0,0,0,0,0,0,0,0,0,0,0,30.0,0.0,"[0.84, 0.86, 0.88, 0.9, 0.91, 0.92, 0.9400000000000001, 0.95, 0.95, 0.9400000000000001, 0.93]"
28,2022 Mercedes-Benz EQS 580 4matic,2022,BEV,0.2618537722800294,2.4774297888551056,1359.166,-0.53,0.59,2.6,136.0,2721.5574566138384,0.0,1.0,0.0,9.89,0.0,"[0.1, 0.12, 0.16, 0.22, 0.28, 0.33, 0.35, 0.36, 0.35, 0.34, 0.32, 0.3]",SI,6.0,61.0,2.13,"[0.0, 0.02, 0.04, 0.06, 0.08, 0.1, 0.2, 0.4, 0.6, 0.8, 1.0]",385.0,4.0,False,0.833,21.6,423.50000000000006,107.8,8.0,75.0,0.97,110.0,-0.6811,0.815,4.0,0.0091929437000963,0.336,0.7,0.0,1.0,0.0,0.0,60.0,0.2,0.0,1.0,100.0,1.0,0.86,0.25,False,114.0,0.98,1.4,0.005,0.98,0,0,0,0,0,0,0,0,0,0,0,0,0,0,0,0,0,0,30.0,0.0,"[0.84, 0.86, 0.88, 0.9, 0.91, 0.92, 0.9400000000000001, 0.95, 0.95, 0.9400000000000001, 0.93]"
29,2022 Mercedes-Benz AMG EQS 4matic Plus,2022,BEV,0.3139221030959219,2.4774297888551056,1359.166,-0.53,0.59,2.6,136.0,2948.3539113316583,0.0,1.0,0.0,9.89,0.0,"[0.1, 0.12, 0.16, 0.22, 0.28, 0.33, 0.35, 0.36, 0.35, 0.34, 0.32, 0.3]",SI,6.0,61.0,2.13,"[0.0, 0.02, 0.04, 0.06, 0.08, 0.1, 0.2, 0.4, 0.6, 0.8, 1.0]",484.0,4.0,False,0.833,21.6,532.4000000000001,107.8,8.0,75.0,0.97,110.0,-0.6811,0.815,4.0,0.0101260328155568,0.336,0.7,0.0,1.0,0.0,0.0,60.0,0.2,0.0,1.0,100.0,1.0,0.86,0.25,False,114.0,0.98,1.4,0.005,0.98,0,0,0,0,0,0,0,0,0,0,0,0,0,0,0,0,0,0,30.0,0.0,"[0.84, 0.86, 0.88, 0.9, 0.91, 0.92, 0.9400000000000001, 0.95, 0.95, 0.9400000000000001, 0.93]"
30,2022 BMW iX xDrive50 (20 inch wheels),2022,BEV,0.2898097860040899,2.8353280413648885,1359.166,-0.53,0.59,2.6,136.0,2721.5574566138384,0.0,1.0,0.0,9.89,0.0,"[0.1, 0.12, 0.16, 0.22, 0.28, 0.33, 0.35, 0.36, 0.35, 0.34, 0.32, 0.3]",SI,6.0,61.0,2.13,"[0.0, 0.02, 0.04, 0.06, 0.08, 0.1, 0.2, 0.4, 0.6, 0.8, 1.0]",422.0,4.0,False,0.833,21.6,423.50000000000006,111.5,8.0,75.0,0.97,110.0,-0.6811,0.815,4.0,0.0076685170885335,0.336,0.7,0.0,1.0,0.0,0.0,60.0,0.2,0.0,1.0,100.0,1.0,0.86,0.25,False,114.0,0.98,1.4,0.005,0.98,0,0,0,0,0,0,0,0,0,0,0,0,0,0,0,0,0,0,30.0,0.0,"[0.84, 0.86, 0.88, 0.9, 0.91, 0.92, 0.9400000000000001, 0.95, 0.95, 0.9400000000000001, 0.93]"
31,2022 Ford Mustang Mach-E CAL RT 1 ER RWD,2022,BEV,0.3314727863196907,2.6006629576832467,1359.166,-0.53,0.59,2.6,136.0,2267.9645471781987,0.0,1.0,0.0,9.89,0.0,"[0.1, 0.12, 0.16, 0.22, 0.28, 0.33, 0.35, 0.36, 0.35, 0.34, 0.32, 0.3]",SI,6.0,61.0,2.13,"[0.0, 0.02, 0.04, 0.06, 0.08, 0.1, 0.2, 0.4, 0.6, 0.8, 1.0]",216.0,4.0,False,0.833,21.6,237.6,91.0,8.0,75.0,0.97,110.0,-0.6811,0.815,4.0,0.0072122230708416,0.336,0.7,0.0,1.0,0.0,0.0,60.0,0.2,0.0,1.0,100.0,1.0,0.86,0.25,False,114.0,0.98,1.4,0.005,0.98,0,0,0,0,0,0,0,0,0,0,0,0,0,0,0,0,0,0,30.0,0.0,"[0.84, 0.86, 0.88, 0.9, 0.91, 0.92, 0.9400000000000001, 0.95, 0.95, 0.9400000000000001, 0.93]"
32,2022 Volkswagen ID.4 AWD Pro S,2022,BEV,0.2976570510238048,2.602521984215498,1359.166,-0.53,0.59,2.6,136.0,2267.9645471781987,0.0,1.0,0.0,9.89,0.0,"[0.1, 0.12, 0.16, 0.22, 0.28, 0.33, 0.35, 0.36, 0.35, 0.34, 0.32, 0.3]",SI,6.0,61.0,2.13,"[0.0, 0.02, 0.04, 0.06, 0.08, 0.1, 0.2, 0.4, 0.6, 0.8, 1.0]",230.0,4.0,False,0.833,21.6,242.00000000000003,82.0,8.0,75.0,0.97,110.0,-0.6811,0.815,4.0,0.0061722073077323,0.336,0.7,0.0,1.0,0.0,0.0,60.0,0.2,0.0,1.0,100.0,1.0,0.86,0.25,False,114.0,0.98,1.4,0.005,0.98,0,0,0,0,0,0,0,0,0,0,0,0,0,0,0,0,0,0,30.0,0.0,"[0.84, 0.86, 0.88, 0.9, 0.91, 0.92, 0.9400000000000001, 0.95, 0.95, 0.9400000000000001, 0.93]"
33,2022 Tesla Model Y Long Range AWD,2022,BEV,0.255266716942908,2.6533079568266325,1359.166,-0.53,0.59,2.6,136.0,2154.5663198192888,0.0,1.0,0.0,9.89,0.0,"[0.1, 0.12, 0.16, 0.22, 0.28, 0.33, 0.35, 0.36, 0.35, 0.34, 0.32, 0.3]",SI,6.0,61.0,2.13,"[0.0, 0.02, 0.04, 0.06, 0.08, 0.1, 0.2, 0.4, 0.6, 0.8, 1.0]",319.0,4.0,False,0.833,21.6,350.90000000000003,78.0,8.0,75.0,0.97,110.0,-0.6811,0.815,4.0,0.0081861877840304,0.336,0.7,0.0,1.0,0.0,0.0,60.0,0.2,0.0,1.0,100.0,1.0,0.86,0.25,False,114.0,0.98,1.4,0.005,0.98,0,0,0,0,0,0,0,0,0,0,0,0,0,0,0,0,0,0,30.0,0.0,"[0.84, 0.86, 0.88, 0.9, 0.91, 0.92, 0.9400000000000001, 0.95, 0.95, 0.9400000000000001, 0.93]"
34,2022 Tesla Model S Plaid (21 inch wheels),2022,BEV,0.2746200756429754,2.4143544992564365,1359.166,-0.53,0.59,2.6,136.0,2267.9645471781987,0.0,1.0,0.0,9.89,0.0,"[0.1, 0.12, 0.16, 0.22, 0.28, 0.33, 0.35, 0.36, 0.35, 0.34, 0.32, 0.3]",SI,6.0,61.0,2.13,"[0.0, 0.02, 0.04, 0.06, 0.08, 0.1, 0.2, 0.4, 0.6, 0.8, 1.0]",758.0,4.0,False,0.833,21.6,833.8000000000001,100.0,8.0,75.0,0.97,110.0,-0.6811,0.815,4.0,0.0077801438279807,0.336,0.7,0.0,1.0,0.0,0.0,60.0,0.2,0.0,1.0,100.0,1.0,0.86,0.25,False,114.0,0.98,1.4,0.005,0.98,0,0,0,0,0,0,0,0,0,0,0,0,0,0,0,0,0,0,30.0,0.0,"[0.84, 0.86, 0.88, 0.9, 0.91, 0.92, 0.9400000000000001, 0.95, 0.95, 0.9400000000000001, 0.93]"
35,2022 Porsche Taycan Perf Battery,2022,BEV,0.2925825316766431,2.3556991960441818,1359.166,-0.53,0.59,2.6,136.0,2267.9645471781987,0.0,1.0,0.0,9.89,0.0,"[0.1, 0.12, 0.16, 0.22, 0.28, 0.33, 0.35, 0.36, 0.35, 0.34, 0.32, 0.3]",SI,6.0,61.0,2.13,"[0.0, 0.02, 0.04, 0.06, 0.08, 0.1, 0.2, 0.4, 0.6, 0.8, 1.0]",300.0,4.0,False,0.833,21.6,330.0,79.0,8.0,75.0,0.97,110.0,-0.6811,0.815,4.0,0.0089775190134647,0.336,0.7,0.0,1.0,0.0,0.0,60.0,0.2,0.0,1.0,100.0,1.0,0.86,0.25,False,114.0,0.98,1.4,0.005,0.98,0,0,0,0,0,0,0,0,0,0,0,0,0,0,0,0,0,0,30.0,0.0,"[0.84, 0.86, 0.88, 0.9, 0.91, 0.92, 0.9400000000000001, 0.95, 0.95, 0.9400000000000001, 0.93]"
36,2022 Tesla Model 3 Performance AWD,2022,BEV,0.2598126475247364,2.2675955964360943,1359.166,-0.53,0.59,2.6,136.0,1927.769865101469,0.0,1.0,0.0,9.89,0.0,"[0.1, 0.12, 0.16, 0.22, 0.28, 0.33, 0.35, 0.36, 0.35, 0.34, 0.32, 0.3]",SI,6.0,61.0,2.13,"[0.0, 0.02, 0.04, 0.06, 0.08, 0.1, 0.2, 0.4, 0.6, 0.8, 1.0]",355.0,4.0,False,0.833,21.6,390.50000000000006,82.0,8.0,75.0,0.97,110.0,-0.6811,0.815,4.0,0.0084729848877462,0.336,0.7,0.0,1.0,0.0,0.0,60.0,0.2,0.0,1.0,100.0,1.0,0.86,0.25,False,114.0,0.98,1.4,0.005,0.98,0,0,0,0,0,0,0,0,0,0,0,0,0,0,0,0,0,0,30.0,0.0,"[0.84, 0.86, 0.88, 0.9, 0.91, 0.92, 0.9400000000000001, 0.95, 0.95, 0.9400000000000001, 0.93]"
37,2022 Tesla Model Y AWD,2022,BEV,0.255266716942908,2.6533079568266325,1359.166,-0.53,0.59,2.6,136.0,2154.5663198192888,0.0,1.0,0.0,9.89,0.0,"[0.1, 0.12, 0.16, 0.22, 0.28, 0.33, 0.35, 0.36, 0.35, 0.34, 0.32, 0.3]",SI,6.0,61.0,2.13,"[0.0, 0.02, 0.04, 0.06, 0.08, 0.1, 0.2, 0.4, 0.6, 0.8, 1.0]",286.0,4.0,False,0.833,21.6,314.6,68.0,8.0,75.0,0.97,110.0,-0.6811,0.815,4.0,0.0081861877840304,0.336,0.7,0.0,1.0,0.0,0.0,60.0,0.2,0.0,1.0,100.0,1.0,0.86,0.25,False,114.0,0.98,1.4,0.005,0.98,0,0,0,0,0,0,0,0,0,0,0,0,0,0,0,0,0,0,30.0,0.0,"[0.84, 0.86, 0.88, 0.9, 0.91, 0.92, 0.9400000000000001, 0.95, 0.95, 0.9400000000000001, 0.93]"
38,2022 BMW iX xDrive50 (21 inch wheels),2022,BEV,0.2876566689491752,2.856550556644566,1359.166,-0.53,0.59,2.6,136.0,2721.5574566138384,0.0,1.0,0.0,9.89,0.0,"[0.1, 0.12, 0.16, 0.22, 0.28, 0.33, 0.35, 0.36, 0.35, 0.34, 0.32, 0.3]",SI,6.0,61.0,2.13,"[0.0, 0.02, 0.04, 0.06, 0.08, 0.1, 0.2, 0.4, 0.6, 0.8, 1.0]",422.0,4.0,False,0.833,21.6,423.50000000000006,111.5,8.0,75.0,0.97,110.0,-0.6811,0.815,4.0,0.0076685170812793,0.336,0.7,0.0,1.0,0.0,0.0,60.0,0.2,0.0,1.0,100.0,1.0,0.86,0.25,False,114.0,0.98,1.4,0.005,0.98,0,0,0,0,0,0,0,0,0,0,0,0,0,0,0,0,0,0,30.0,0.0,"[0.84, 0.86, 0.88, 0.9, 0.91, 0.92, 0.9400000000000001, 0.95, 0.95, 0.9400000000000001, 0.93]"
39,2022 Mercedes-Benz EQB 350 4matic,2022,BEV,0.3127542197621005,2.589410089116349,1359.166,-0.53,0.59,2.6,136.0,2267.9645471781987,0.0,1.0,0.0,9.89,0.0,"[0.1, 0.12, 0.16, 0.22, 0.28, 0.33, 0.35, 0.36, 0.35, 0.34, 0.32, 0.3]",SI,6.0,61.0,2.13,"[0.0, 0.02, 0.04, 0.06, 0.08, 0.1, 0.2, 0.4, 0.6, 0.8, 1.0]",215.0,4.0,False,0.833,21.6,236.50000000000003,70.5,8.0,75.0,0.97,110.0,-0.6811,0.815,4.0,0.0088800027331495,0.336,0.7,0.0,1.0,0.0,0.0,60.0,0.2,0.0,1.0,100.0,1.0,0.86,0.25,False,114.0,0.98,1.4,0.005,0.98,0,0,0,0,0,0,0,0,0,0,0,0,0,0,0,0,0,0,30.0,0.0,"[0.84, 0.86, 0.88, 0.9, 0.91, 0.92, 0.9400000000000001, 0.95, 0.95, 0.9400000000000001, 0.93]"
40,2022 Audi e-tron S Sportback (20 inch wheels),2022,BEV,0.3090835928468883,2.7731850069593835,1359.166,-0.53,0.59,2.6,136.0,2948.3539113316583,0.0,1.0,0.0,9.89,0.0,"[0.1, 0.12, 0.16, 0.22, 0.28, 0.33, 0.35, 0.36, 0.35, 0.34, 0.32, 0.3]",SI,6.0,61.0,2.13,"[0.0, 0.02, 0.04, 0.06, 0.08, 0.1, 0.2, 0.4, 0.6, 0.8, 1.0]",414.0,4.0,False,0.833,21.6,407.00000000000006,95.0,8.0,75.0,0.97,110.0,-0.6811,0.815,4.0,0.0060154131801476,0.336,0.7,0.0,1.0,0.0,0.0,60.0,0.2,0.0,1.0,100.0,1.0,0.86,0.25,False,114.0,0.98,1.4,0.005,0.98,0,0,0,0,0,0,0,0,0,0,0,0,0,0,0,0,0,0,30.0,0.0,"[0.84, 0.86, 0.88, 0.9, 0.91, 0.92, 0.9400000000000001, 0.95, 0.95, 0.9400000000000001, 0.93]"
41,2022 Polestar 2 Dual Motor,2022,BEV,0.3019461371362965,2.3362534494855933,1359.166,-0.53,0.59,2.6,136.0,2154.5663198192888,0.0,1.0,0.0,9.89,0.0,"[0.1, 0.12, 0.16, 0.22, 0.28, 0.33, 0.35, 0.36, 0.35, 0.34, 0.32, 0.3]",SI,6.0,61.0,2.13,"[0.0, 0.02, 0.04, 0.06, 0.08, 0.1, 0.2, 0.4, 0.6, 0.8, 1.0]",304.0,4.0,False,0.833,21.6,334.40000000000003,78.0,8.0,75.0,0.97,110.0,-0.6811,0.815,4.0,0.0072003020285661,0.336,0.7,0.0,1.0,0.0,0.0,60.0,0.2,0.0,1.0,100.0,1.0,0.86,0.25,False,114.0,0.98,1.4,0.005,0.98,0,0,0,0,0,0,0,0,0,0,0,0,0,0,0,0,0,0,30.0,0.0,"[0.84, 0.86, 0.88, 0.9, 0.91, 0.92, 0.9400000000000001, 0.95, 0.95, 0.9400000000000001, 0.93]"
42,2022 Porsche Taycan Perf Battery Plus,2022,BEV,0.2925825317104196,2.3556991960441818,1359.166,-0.53,0.59,2.6,136.0,2381.3627745371086,0.0,1.0,0.0,9.89,0.0,"[0.1, 0.12, 0.16, 0.22, 0.28, 0.33, 0.35, 0.36, 0.35, 0.34, 0.32, 0.3]",SI,6.0,61.0,2.13,"[0.0, 0.02, 0.04, 0.06, 0.08, 0.1, 0.2, 0.4, 0.6, 0.8, 1.0]",350.0,4.0,False,0.833,21.6,385.00000000000006,93.4,8.0,75.0,0.97,110.0,-0.6811,0.815,4.0,0.0085500181058868,0.336,0.7,0.0,1.0,0.0,0.0,60.0,0.2,0.0,1.0,100.0,1.0,0.86,0.25,False,114.0,0.98,1.4,0.005,0.98,0,0,0,0,0,0,0,0,0,0,0,0,0,0,0,0,0,0,30.0,0.0,"[0.84, 0.86, 0.88, 0.9, 0.91, 0.92, 0.9400000000000001, 0.95, 0.95, 0.9400000000000001, 0.93]"
43,2022 Audi e-tron S (21/22 inch wheels),2022,BEV,0.3090835928468883,2.7731850069593835,1359.166,-0.53,0.59,2.6,136.0,2948.3539113316583,0.0,1.0,0.0,9.89,0.0,"[0.1, 0.12, 0.16, 0.22, 0.28, 0.33, 0.35, 0.36, 0.35, 0.34, 0.32, 0.3]",SI,6.0,61.0,2.13,"[0.0, 0.02, 0.04, 0.06, 0.08, 0.1, 0.2, 0.4, 0.6, 0.8, 1.0]",414.0,4.0,False,0.833,21.6,407.00000000000006,95.0,8.0,75.0,0.97,110.0,-0.6811,0.815,4.0,0.0060154131801476,0.336,0.7,0.0,1.0,0.0,0.0,60.0,0.2,0.0,1.0,100.0,1.0,0.86,0.25,False,114.0,0.98,1.4,0.005,0.98,0,0,0,0,0,0,0,0,0,0,0,0,0,0,0,0,0,0,30.0,0.0,"[0.84, 0.86, 0.88, 0.9, 0.91, 0.92, 0.9400000000000001, 0.95, 0.95, 0.9400000000000001, 0.93]"
44,2022 Ford Mustang Mach-E AWD Extended,2022,BEV,0.3396067811873337,2.596599421811866,1359.166,-0.53,0.59,2.6,136.0,2267.9645471781987,0.0,1.0,0.0,9.89,0.0,"[0.1, 0.12, 0.16, 0.22, 0.28, 0.33, 0.35, 0.36, 0.35, 0.34, 0.32, 0.3]",SI,6.0,61.0,2.13,"[0.0, 0.02, 0.04, 0.06, 0.08, 0.1, 0.2, 0.4, 0.6, 0.8, 1.0]",258.0,4.0,False,0.833,21.6,283.8,91.0,8.0,75.0,0.97,110.0,-0.6811,0.815,4.0,0.0069671597595493,0.336,0.7,0.0,1.0,0.0,0.0,60.0,0.2,0.0,1.0,100.0,1.0,0.86,0.25,False,114.0,0.98,1.4,0.005,0.98,0,0,0,0,0,0,0,0,0,0,0,0,0,0,0,0,0,0,30.0,0.0,"[0.84, 0.86, 0.88, 0.9, 0.91, 0.92, 0.9400000000000001, 0.95, 0.95, 0.9400000000000001, 0.93]"
45,2022 Audi Q4 e-tron Sportback quattro,2022,BEV,0.3148134244055481,2.5760952914163338,1359.166,-0.53,0.59,2.6,136.0,2381.3627745371086,0.0,1.0,0.0,9.89,0.0,"[0.1, 0.12, 0.16, 0.22, 0.28, 0.33, 0.35, 0.36, 0.35, 0.34, 0.32, 0.3]",SI,6.0,61.0,2.13,"[0.0, 0.02, 0.04, 0.06, 0.08, 0.1, 0.2, 0.4, 0.6, 0.8, 1.0]",230.0,4.0,False,0.833,21.6,242.00000000000003,82.0,8.0,75.0,0.97,110.0,-0.6811,0.815,4.0,0.0071262429337764,0.336,0.7,0.0,1.0,0.0,0.0,60.0,0.2,0.0,1.0,100.0,1.0,0.86,0.25,False,114.0,0.98,1.4,0.005,0.98,0,0,0,0,0,0,0,0,0,0,0,0,0,0,0,0,0,0,30.0,0.0,"[0.84, 0.86, 0.88, 0.9, 0.91, 0.92, 0.9400000000000001, 0.95, 0.95, 0.9400000000000001, 0.93]"
46,2022 Porsche Taycan Turbo S Cross Turismo,2022,BEV,0.346667431858926,2.322412201794145,1359.166,-0.53,0.59,2.6,136.0,2494.7610018960186,0.0,1.0,0.0,9.89,0.0,"[0.1, 0.12, 0.16, 0.22, 0.28, 0.33, 0.35, 0.36, 0.35, 0.34, 0.32, 0.3]",SI,6.0,61.0,2.13,"[0.0, 0.02, 0.04, 0.06, 0.08, 0.1, 0.2, 0.4, 0.6, 0.8, 1.0]",525.0,4.0,False,0.833,21.6,504.9,93.4,8.0,75.0,0.97,110.0,-0.6811,0.815,4.0,0.008909001444622,0.336,0.7,0.0,1.0,0.0,0.0,60.0,0.2,0.0,1.0,100.0,1.0,0.86,0.25,False,114.0,0.98,1.4,0.005,0.98,0,0,0,0,0,0,0,0,0,0,0,0,0,0,0,0,0,0,30.0,0.0,"[0.84, 0.86, 0.88, 0.9, 0.91, 0.92, 0.9400000000000001, 0.95, 0.95, 0.9400000000000001, 0.93]"
47,2022 Ford Mustang Mach-E GT Performance,2022,BEV,0.3670332449693742,2.5803452783263463,1359.166,-0.53,0.59,2.6,136.0,2381.3627745371086,0.0,1.0,0.0,9.89,0.0,"[0.1, 0.12, 0.16, 0.22, 0.28, 0.33, 0.35, 0.36, 0.35, 0.34, 0.32, 0.3]",SI,6.0,61.0,2.13,"[0.0, 0.02, 0.04, 0.06, 0.08, 0.1, 0.2, 0.4, 0.6, 0.8, 1.0]",358.0,4.0,False,0.833,21.6,393.8,91.0,8.0,75.0,0.97,110.0,-0.6811,0.815,4.0,0.0083203299235286,0.336,0.7,0.0,1.0,0.0,0.0,60.0,0.2,0.0,1.0,100.0,1.0,0.86,0.25,False,114.0,0.98,1.4,0.005,0.98,0,0,0,0,0,0,0,0,0,0,0,0,0,0,0,0,0,0,30.0,0.0,"[0.84, 0.86, 0.88, 0.9, 0.91, 0.92, 0.9400000000000001, 0.95, 0.95, 0.9400000000000001, 0.93]"
48,2022 Porsche Taycan 4S Perf Battery Plus,2022,BEV,0.3417688790676398,2.3556991960441818,1359.166,-0.53,0.59,2.6,136.0,2494.7610018960186,0.0,1.0,0.0,9.89,0.0,"[0.1, 0.12, 0.16, 0.22, 0.28, 0.33, 0.35, 0.36, 0.35, 0.34, 0.32, 0.3]",SI,6.0,61.0,2.13,"[0.0, 0.02, 0.04, 0.06, 0.08, 0.1, 0.2, 0.4, 0.6, 0.8, 1.0]",495.0,4.0,False,0.833,21.6,394.9,93.4,8.0,75.0,0.97,110.0,-0.6811,0.815,4.0,0.0089090014442439,0.336,0.7,0.0,1.0,0.0,0.0,60.0,0.2,0.0,1.0,100.0,1.0,0.86,0.25,False,114.0,0.98,1.4,0.005,0.98,0,0,0,0,0,0,0,0,0,0,0,0,0,0,0,0,0,0,30.0,0.0,"[0.84, 0.86, 0.88, 0.9, 0.91, 0.92, 0.9400000000000001, 0.95, 0.95, 0.9400000000000001, 0.93]"
49,2022 Rivian R1S,2022,BEV,0.3067693712668194,3.4675177071198644,1359.166,-0.53,0.59,2.6,136.0,3175.150366049478,0.0,1.0,0.0,9.89,0.0,"[0.1, 0.12, 0.16, 0.22, 0.28, 0.33, 0.35, 0.36, 0.35, 0.34, 0.32, 0.3]",SI,6.0,61.0,2.13,"[0.0, 0.02, 0.04, 0.06, 0.08, 0.1, 0.2, 0.4, 0.6, 0.8, 1.0]",623.0,4.0,False,0.833,21.6,685.3000000000001,128.9,8.0,75.0,0.97,110.0,-0.6811,0.815,4.0,0.00781878008881,0.336,0.7,0.0,1.0,0.0,0.0,60.0,0.2,0.0,1.0,100.0,1.0,0.86,0.25,False,114.0,0.98,1.4,0.005,0.98,0,0,0,0,0,0,0,0,0,0,0,0,0,0,0,0,0,0,30.0,0.0,"[0.84, 0.86, 0.88, 0.9, 0.91, 0.92, 0.9400000000000001, 0.95, 0.95, 0.9400000000000001, 0.93]"
50,2022 Mazda MX-30,2022,BEV,0.3898388602355138,2.3844071721395586,1359.166,0.53,0.59,2.6,136.0,1814.371637742559,0.0,1.0,0.0,9.89,0.0,"[0.1, 0.12, 0.16, 0.22, 0.28, 0.33, 0.35, 0.36, 0.35, 0.34, 0.32, 0.3]",SI,6.0,61.0,2.13,"[0.0, 0.02, 0.04, 0.06, 0.08, 0.1, 0.2, 0.4, 0.6, 0.8, 1.0]",107.0,4.0,False,0.833,21.6,117.7,35.5,8.0,75.0,0.97,110.0,-0.6811,0.815,4.0,0.0089197209339399,0.336,0.7,0.0,1.0,0.0,0.0,60.0,0.2,0.0,1.0,100.0,1.0,0.86,0.25,False,114.0,0.98,1.4,0.005,0.98,0,0,0,0,0,0,0,0,0,0,0,0,0,0,0,0,0,0,30.0,0.0,"[0.84, 0.86, 0.88, 0.9, 0.91, 0.92, 0.9400000000000001, 0.95, 0.95, 0.9400000000000001, 0.93]"
51,2022 Tesla Model X,2022,BEV,0.2884605214495302,2.852739278060747,1359.166,-0.53,0.59,2.6,136.0,2494.7610018960186,0.0,1.0,0.0,9.89,0.0,"[0.1, 0.12, 0.16, 0.22, 0.28, 0.33, 0.35, 0.36, 0.35, 0.34, 0.32, 0.3]",SI,6.0,61.0,2.13,"[0.0, 0.02, 0.04, 0.06, 0.08, 0.1, 0.2, 0.4, 0.6, 0.8, 1.0]",500.0,4.0,False,0.833,21.6,550.0,100.0,8.0,75.0,0.97,110.0,-0.6811,0.815,4.0,0.0072340879628843,0.336,0.7,0.0,1.0,0.0,0.0,60.0,0.2,0.0,1.0,100.0,1.0,0.86,0.25,False,114.0,0.98,1.4,0.005,0.98,0,0,0,0,0,0,0,0,0,0,0,0,0,0,0,0,0,0,30.0,0.0,"[0.84, 0.86, 0.88, 0.9, 0.91, 0.92, 0.9400000000000001, 0.95, 0.95, 0.9400000000000001, 0.93]"
52,2022 Tesla Model 3 RWD,2022,BEV,0.2450790493189956,2.2675955964360943,1359.166,-0.53,0.59,2.6,136.0,1927.769865101469,0.0,1.0,0.0,9.89,0.0,"[0.1, 0.12, 0.16, 0.22, 0.28, 0.33, 0.35, 0.36, 0.35, 0.34, 0.32, 0.3]",SI,6.0,61.0,2.13,"[0.0, 0.02, 0.04, 0.06, 0.08, 0.1, 0.2, 0.4, 0.6, 0.8, 1.0]",211.0,4.0,False,0.833,21.6,232.1,58.0,8.0,75.0,0.97,110.0,-0.6811,0.815,4.0,0.0088422079572845,0.336,0.7,0.0,1.0,0.0,0.0,60.0,0.2,0.0,1.0,100.0,1.0,0.86,0.25,False,114.0,0.98,1.4,0.005,0.98,0,0,0,0,0,0,0,0,0,0,0,0,0,0,0,0,0,0,30.0,0.0,"[0.84, 0.86, 0.88, 0.9, 0.91, 0.92, 0.9400000000000001, 0.95, 0.95, 0.9400000000000001, 0.93]"
53,2022 Hyundai Kona Electric,2022,BEV,0.328120864924757,2.379488155032099,1359.166,0.53,0.59,2.6,136.0,1814.371637742559,0.0,1.0,0.0,9.89,0.0,"[0.1, 0.12, 0.16, 0.22, 0.28, 0.33, 0.35, 0.36, 0.35, 0.34, 0.32, 0.3]",SI,6.0,61.0,2.13,"[0.0, 0.02, 0.04, 0.06, 0.08, 0.1, 0.2, 0.4, 0.6, 0.8, 1.0]",150.0,4.0,False,0.833,21.6,165.0,64.0,8.0,75.0,0.97,110.0,-0.6811,0.815,4.0,0.0053516294694248,0.336,0.7,0.0,1.0,0.0,0.0,60.0,0.2,0.0,1.0,100.0,1.0,0.86,0.25,False,114.0,0.98,1.4,0.005,0.98,0,0,0,0,0,0,0,0,0,0,0,0,0,0,0,0,0,0,30.0,0.0,"[0.84, 0.86, 0.88, 0.9, 0.91, 0.92, 0.9400000000000001, 0.95, 0.95, 0.9400000000000001, 0.93]"
54,2022 Mercedes-Benz EQB 300 4matic,2022,BEV,0.3015212133029232,2.5854507464724397,1359.166,-0.53,0.59,2.6,136.0,2267.9645471781987,0.0,1.0,0.0,9.89,0.0,"[0.1, 0.12, 0.16, 0.22, 0.28, 0.33, 0.35, 0.36, 0.35, 0.34, 0.32, 0.3]",SI,6.0,61.0,2.13,"[0.0, 0.02, 0.04, 0.06, 0.08, 0.1, 0.2, 0.4, 0.6, 0.8, 1.0]",168.0,4.0,False,0.833,21.6,184.8,70.5,8.0,75.0,0.97,110.0,-0.6811,0.815,4.0,0.0088808974352552,0.336,0.7,0.0,1.0,0.0,0.0,60.0,0.2,0.0,1.0,100.0,1.0,0.86,0.25,False,114.0,0.98,1.4,0.005,0.98,0,0,0,0,0,0,0,0,0,0,0,0,0,0,0,0,0,0,30.0,0.0,"[0.84, 0.86, 0.88, 0.9, 0.91, 0.92, 0.9400000000000001, 0.95, 0.95, 0.9400000000000001, 0.93]"
55,2022 Ford Mustang Mach-E CAL RT 1 ER AWD,2022,BEV,0.3390761455420715,2.6006629576832467,1359.166,-0.53,0.59,2.6,136.0,2267.9645471781987,0.0,1.0,0.0,9.89,0.0,"[0.1, 0.12, 0.16, 0.22, 0.28, 0.33, 0.35, 0.36, 0.35, 0.34, 0.32, 0.3]",SI,6.0,61.0,2.13,"[0.0, 0.02, 0.04, 0.06, 0.08, 0.1, 0.2, 0.4, 0.6, 0.8, 1.0]",258.0,4.0,False,0.833,21.6,283.8,91.0,8.0,75.0,0.97,110.0,-0.6811,0.815,4.0,0.0069671597613817,0.336,0.7,0.0,1.0,0.0,0.0,60.0,0.2,0.0,1.0,100.0,1.0,0.86,0.25,False,114.0,0.98,1.4,0.005,0.98,0,0,0,0,0,0,0,0,0,0,0,0,0,0,0,0,0,0,30.0,0.0,"[0.84, 0.86, 0.88, 0.9, 0.91, 0.92, 0.9400000000000001, 0.95, 0.95, 0.9400000000000001, 0.93]"
56,2022 Hyundai Ioniq 5 RWD (Standard Range),2022,BEV,0.3464753528532892,2.5703920831758005,1359.166,-0.53,0.59,2.6,136.0,1927.769865101469,0.0,1.0,0.0,9.89,0.0,"[0.1, 0.12, 0.16, 0.22, 0.28, 0.33, 0.35, 0.36, 0.35, 0.34, 0.32, 0.3]",SI,6.0,61.0,2.13,"[0.0, 0.02, 0.04, 0.06, 0.08, 0.1, 0.2, 0.4, 0.6, 0.8, 1.0]",125.0,4.0,False,0.833,21.6,137.5,58.0,8.0,75.0,0.97,110.0,-0.6811,0.815,4.0,0.0065538863189614,0.336,0.7,0.0,1.0,0.0,0.0,60.0,0.2,0.0,1.0,100.0,1.0,0.86,0.25,False,114.0,0.98,1.4,0.005,0.98,0,0,0,0,0,0,0,0,0,0,0,0,0,0,0,0,0,0,30.0,0.0,"[0.84, 0.86, 0.88, 0.9, 0.91, 0.92, 0.9400000000000001, 0.95, 0.95, 0.9400000000000001, 0.93]"
57,2022 Porsche Taycan GTS,2022,BEV,0.323346289142931,2.307742892137003,1359.166,-0.53,0.59,2.6,136.0,2494.7610018960186,0.0,1.0,0.0,9.89,0.0,"[0.1, 0.12, 0.16, 0.22, 0.28, 0.33, 0.35, 0.36, 0.35, 0.34, 0.32, 0.3]",SI,6.0,61.0,2.13,"[0.0, 0.02, 0.04, 0.06, 0.08, 0.1, 0.2, 0.4, 0.6, 0.8, 1.0]",510.0,4.0,False,0.833,21.6,418.00000000000006,93.4,8.0,75.0,0.97,110.0,-0.6811,0.815,4.0,0.00815887403497,0.336,0.7,0.0,1.0,0.0,0.0,60.0,0.2,0.0,1.0,100.0,1.0,0.86,0.25,False,114.0,0.98,1.4,0.005,0.98,0,0,0,0,0,0,0,0,0,0,0,0,0,0,0,0,0,0,30.0,0.0,"[0.84, 0.86, 0.88, 0.9, 0.91, 0.92, 0.9400000000000001, 0.95, 0.95, 0.9400000000000001, 0.93]"
58,2022 Ford F-150 Lightning 4WD Extended Range,2022,BEV,0.4192239688303137,3.4350861941059083,1359.166,-0.53,0.59,2.6,136.0,3175.150366049478,0.0,1.0,0.0,9.89,0.0,"[0.1, 0.12, 0.16, 0.22, 0.28, 0.33, 0.35, 0.36, 0.35, 0.34, 0.32, 0.3]",SI,6.0,61.0,2.13,"[0.0, 0.02, 0.04, 0.06, 0.08, 0.1, 0.2, 0.4, 0.6, 0.8, 1.0]",433.0,4.0,False,0.833,21.6,476.3,131.0,8.0,75.0,0.97,110.0,-0.6811,0.815,4.0,0.0058609778152219,0.336,0.7,0.0,1.0,0.0,0.0,60.0,0.2,0.0,1.0,100.0,1.0,0.86,0.25,False,114.0,0.98,1.4,0.005,0.98,0,0,0,0,0,0,0,0,0,0,0,0,0,0,0,0,0,0,30.0,0.0,"[0.84, 0.86, 0.88, 0.9, 0.91, 0.92, 0.9400000000000001, 0.95, 0.95, 0.9400000000000001, 0.93]"
59,2022 Porsche Taycan Turbo S,2022,BEV,0.3482297375018045,2.311992879047016,1359.166,-0.53,0.59,2.6,136.0,2494.7610018960186,0.0,1.0,0.0,9.89,0.0,"[0.1, 0.12, 0.16, 0.22, 0.28, 0.33, 0.35, 0.36, 0.35, 0.34, 0.32, 0.3]",SI,6.0,61.0,2.13,"[0.0, 0.02, 0.04, 0.06, 0.08, 0.1, 0.2, 0.4, 0.6, 0.8, 1.0]",525.0,4.0,False,0.833,21.6,504.9,93.4,8.0,75.0,0.97,110.0,-0.6811,0.815,4.0,0.0089090014484988,0.336,0.7,0.0,1.0,0.0,0.0,60.0,0.2,0.0,1.0,100.0,1.0,0.86,0.25,False,114.0,0.98,1.4,0.005,0.98,0,0,0,0,0,0,0,0,0,0,0,0,0,0,0,0,0,0,30.0,0.0,"[0.84, 0.86, 0.88, 0.9, 0.91, 0.92, 0.9400000000000001, 0.95, 0.95, 0.9400000000000001, 0.93]"
60,2022 Tesla Model Y RWD,2022,BEV,0.2554896142095209,2.6533079568266325,1359.166,-0.53,0.59,2.6,136.0,1927.769865101469,0.0,1.0,0.0,9.89,0.0,"[0.1, 0.12, 0.16, 0.22, 0.28, 0.33, 0.35, 0.36, 0.35, 0.34, 0.32, 0.3]",SI,6.0,61.0,2.13,"[0.0, 0.02, 0.04, 0.06, 0.08, 0.1, 0.2, 0.4, 0.6, 0.8, 1.0]",228.0,4.0,False,0.833,21.6,250.8,61.0,8.0,75.0,0.97,110.0,-0.6811,0.815,4.0,0.0075924828876344,0.336,0.7,0.0,1.0,0.0,0.0,60.0,0.2,0.0,1.0,100.0,1.0,0.86,0.25,False,114.0,0.98,1.4,0.005,0.98,0,0,0,0,0,0,0,0,0,0,0,0,0,0,0,0,0,0,30.0,0.0,"[0.84, 0.86, 0.88, 0.9, 0.91, 0.92, 0.9400000000000001, 0.95, 0.95, 0.9400000000000001, 0.93]"
61,2022 Kia EV6 AWD (Long Range),2022,BEV,0.3574381655865187,2.467295626520003,1359.166,-0.53,0.59,2.6,136.0,2154.5663198192888,0.0,1.0,0.0,9.89,0.0,"[0.1, 0.12, 0.16, 0.22, 0.28, 0.33, 0.35, 0.36, 0.35, 0.34, 0.32, 0.3]",SI,6.0,61.0,2.13,"[0.0, 0.02, 0.04, 0.06, 0.08, 0.1, 0.2, 0.4, 0.6, 0.8, 1.0]",239.0,4.0,False,0.833,21.6,262.90000000000003,77.4,8.0,75.0,0.97,110.0,-0.6811,0.815,4.0,0.0057377759331671,0.336,0.7,0.0,1.0,0.0,0.0,60.0,0.2,0.0,1.0,100.0,1.0,0.86,0.25,False,114.0,0.98,1.4,0.005,0.98,0,0,0,0,0,0,0,0,0,0,0,0,0,0,0,0,0,0,30.0,0.0,"[0.84, 0.86, 0.88, 0.9, 0.91, 0.92, 0.9400000000000001, 0.95, 0.95, 0.9400000000000001, 0.93]"
62,2022 Ford Mustang Mach-E GT,2022,BEV,0.3670332449693742,2.5803452783263463,1359.166,-0.53,0.59,2.6,136.0,2381.3627745371086,0.0,1.0,0.0,9.89,0.0,"[0.1, 0.12, 0.16, 0.22, 0.28, 0.33, 0.35, 0.36, 0.35, 0.34, 0.32, 0.3]",SI,6.0,61.0,2.13,"[0.0, 0.02, 0.04, 0.06, 0.08, 0.1, 0.2, 0.4, 0.6, 0.8, 1.0]",358.0,4.0,False,0.833,21.6,393.8,91.0,8.0,75.0,0.97,110.0,-0.6811,0.815,4.0,0.0083203299235286,0.336,0.7,0.0,1.0,0.0,0.0,60.0,0.2,0.0,1.0,100.0,1.0,0.86,0.25,False,114.0,0.98,1.4,0.005,0.98,0,0,0,0,0,0,0,0,0,0,0,0,0,0,0,0,0,0,30.0,0.0,"[0.84, 0.86, 0.88, 0.9, 0.91, 0.92, 0.9400000000000001, 0.95, 0.95, 0.9400000000000001, 0.93]"
63,2022 Kia EV6 RWD (Standard Range),2022,BEV,0.346812351162909,2.467295626520003,1359.166,-0.53,0.59,2.6,136.0,1927.769865101469,0.0,1.0,0.0,9.89,0.0,"[0.1, 0.12, 0.16, 0.22, 0.28, 0.33, 0.35, 0.36, 0.35, 0.34, 0.32, 0.3]",SI,6.0,61.0,2.13,"[0.0, 0.02, 0.04, 0.06, 0.08, 0.1, 0.2, 0.4, 0.6, 0.8, 1.0]",125.0,4.0,False,0.833,21.6,137.5,58.0,8.0,75.0,0.97,110.0,-0.6811,0.815,4.0,0.0060231000517341,0.336,0.7,0.0,1.0,0.0,0.0,60.0,0.2,0.0,1.0,100.0,1.0,0.86,0.25,False,114.0,0.98,1.4,0.005,0.98,0,0,0,0,0,0,0,0,0,0,0,0,0,0,0,0,0,0,30.0,0.0,"[0.84, 0.86, 0.88, 0.9, 0.91, 0.92, 0.9400000000000001, 0.95, 0.95, 0.9400000000000001, 0.93]"
64,2022 Tesla Model S Plaid (19 inch wheels),2022,BEV,0.2746200756429754,2.4143544992564365,1359.166,-0.53,0.59,2.6,136.0,2267.9645471781987,0.0,1.0,0.0,9.89,0.0,"[0.1, 0.12, 0.16, 0.22, 0.28, 0.33, 0.35, 0.36, 0.35, 0.34, 0.32, 0.3]",SI,6.0,61.0,2.13,"[0.0, 0.02, 0.04, 0.06, 0.08, 0.1, 0.2, 0.4, 0.6, 0.8, 1.0]",758.0,4.0,False,0.833,21.6,833.8000000000001,100.0,8.0,75.0,0.97,110.0,-0.6811,0.815,4.0,0.0077801438279807,0.336,0.7,0.0,1.0,0.0,0.0,60.0,0.2,0.0,1.0,100.0,1.0,0.86,0.25,False,114.0,0.98,1.4,0.005,0.98,0,0,0,0,0,0,0,0,0,0,0,0,0,0,0,0,0,0,30.0,0.0,"[0.84, 0.86, 0.88, 0.9, 0.91, 0.92, 0.9400000000000001, 0.95, 0.95, 0.9400000000000001, 0.93]"
65,2022 Kia EV6 RWD (Long Range),2022,BEV,0.3557375074257853,2.467295626520003,1359.166,-0.53,0.59,2.6,136.0,2041.1680924603788,0.0,1.0,0.0,9.89,0.0,"[0.1, 0.12, 0.16, 0.22, 0.28, 0.33, 0.35, 0.36, 0.35, 0.34, 0.32, 0.3]",SI,6.0,61.0,2.13,"[0.0, 0.02, 0.04, 0.06, 0.08, 0.1, 0.2, 0.4, 0.6, 0.8, 1.0]",168.0,4.0,False,0.833,21.6,184.8,77.4,8.0,75.0,0.97,110.0,-0.6811,0.815,4.0,0.0055298239062069,0.336,0.7,0.0,1.0,0.0,0.0,60.0,0.2,0.0,1.0,100.0,1.0,0.86,0.25,False,114.0,0.98,1.4,0.005,0.98,0,0,0,0,0,0,0,0,0,0,0,0,0,0,0,0,0,0,30.0,0.0,"[0.84, 0.86, 0.88, 0.9, 0.91, 0.92, 0.9400000000000001, 0.95, 0.95, 0.9400000000000001, 0.93]"
66,2022 Nissan Leaf (40 kW-hr battery pack),2022,BEV,0.3719914487131813,2.37379591449972,1359.166,0.53,0.59,2.6,136.0,1757.672524063104,0.0,1.0,0.0,9.89,0.0,"[0.1, 0.12, 0.16, 0.22, 0.28, 0.33, 0.35, 0.36, 0.35, 0.34, 0.32, 0.3]",SI,6.0,61.0,2.13,"[0.0, 0.02, 0.04, 0.06, 0.08, 0.1, 0.2, 0.4, 0.6, 0.8, 1.0]",110.0,4.0,False,0.833,21.6,121.0,40.0,8.0,75.0,0.97,110.0,-0.6811,0.815,4.0,0.0079837129385654,0.336,0.7,0.0,1.0,0.0,0.0,60.0,0.2,0.0,1.0,100.0,1.0,0.86,0.25,False,114.0,0.98,1.4,0.005,0.98,0,0,0,0,0,0,0,0,0,0,0,0,0,0,0,0,0,0,30.0,0.0,"[0.84, 0.86, 0.88, 0.9, 0.91, 0.92, 0.9400000000000001, 0.95, 0.95, 0.9400000000000001, 0.93]"
67,2022 Chevrolet Bolt EV,2022,BEV,0.3012187485623802,2.7918410785308203,1359.166,0.53,0.59,2.6,136.0,1814.371637742559,0.0,1.0,0.0,9.89,0.0,"[0.1, 0.12, 0.16, 0.22, 0.28, 0.33, 0.35, 0.36, 0.35, 0.34, 0.32, 0.3]",SI,6.0,61.0,2.13,"[0.0, 0.02, 0.04, 0.06, 0.08, 0.1, 0.2, 0.4, 0.6, 0.8, 1.0]",150.0,4.0,False,0.833,21.6,165.0,65.0,8.0,75.0,0.97,110.0,-0.6811,0.815,4.0,0.0077672052484566,0.336,0.7,0.0,1.0,0.0,0.0,60.0,0.2,0.0,1.0,100.0,1.0,0.86,0.25,False,114.0,0.98,1.4,0.005,0.98,0,0,0,0,0,0,0,0,0,0,0,0,0,0,0,0,0,0,30.0,0.0,"[0.84, 0.86, 0.88, 0.9, 0.91, 0.92, 0.9400000000000001, 0.95, 0.95, 0.9400000000000001, 0.93]"
68,2022 Kia Niro Electric,2022,BEV,0.3172410720647193,2.409594513917222,1359.166,0.53,0.59,2.6,136.0,1927.769865101469,0.0,1.0,0.0,9.89,0.0,"[0.1, 0.12, 0.16, 0.22, 0.28, 0.33, 0.35, 0.36, 0.35, 0.34, 0.32, 0.3]",SI,6.0,61.0,2.13,"[0.0, 0.02, 0.04, 0.06, 0.08, 0.1, 0.2, 0.4, 0.6, 0.8, 1.0]",150.0,4.0,False,0.833,21.6,165.0,64.0,8.0,75.0,0.97,110.0,-0.6811,0.815,4.0,0.006899018809478,0.336,0.7,0.0,1.0,0.0,0.0,60.0,0.2,0.0,1.0,100.0,1.0,0.86,0.25,False,114.0,0.98,1.4,0.005,0.98,0,0,0,0,0,0,0,0,0,0,0,0,0,0,0,0,0,0,30.0,0.0,"[0.84, 0.86, 0.88, 0.9, 0.91, 0.92, 0.9400000000000001, 0.95, 0.95, 0.9400000000000001, 0.93]"
69,2022 BMW i4 eDrive40 Gran Coupe (18 inch wheels),2022,BEV,0.2780613229592608,2.2787058847969797,1359.166,-0.53,0.59,2.6,136.0,2267.9645471781987,0.0,1.0,0.0,9.89,0.0,"[0.1, 0.12, 0.16, 0.22, 0.28, 0.33, 0.35, 0.36, 0.35, 0.34, 0.32, 0.3]",SI,6.0,61.0,2.13,"[0.0, 0.02, 0.04, 0.06, 0.08, 0.1, 0.2, 0.4, 0.6, 0.8, 1.0]",250.0,4.0,False,0.833,21.6,275.0,83.9,8.0,75.0,0.97,110.0,-0.6811,0.815,4.0,0.0068234658714155,0.336,0.7,0.0,1.0,0.0,0.0,60.0,0.2,0.0,1.0,100.0,1.0,0.86,0.25,False,114.0,0.98,1.4,0.005,0.98,0,0,0,0,0,0,0,0,0,0,0,0,0,0,0,0,0,0,30.0,0.0,"[0.84, 0.86, 0.88, 0.9, 0.91, 0.92, 0.9400000000000001, 0.95, 0.95, 0.9400000000000001, 0.93]"
70,2022 Ford F-150 Lightning 4WD,2022,BEV,0.4258247139307742,3.4350861941059083,1359.166,-0.53,0.59,2.6,136.0,2948.3539113316583,0.0,1.0,0.0,9.89,0.0,"[0.1, 0.12, 0.16, 0.22, 0.28, 0.33, 0.35, 0.36, 0.35, 0.34, 0.32, 0.3]",SI,6.0,61.0,2.13,"[0.0, 0.02, 0.04, 0.06, 0.08, 0.1, 0.2, 0.4, 0.6, 0.8, 1.0]",337.0,4.0,False,0.833,21.6,370.7000000000001,98.0,8.0,75.0,0.97,110.0,-0.6811,0.815,4.0,0.0066871001049282,0.336,0.7,0.0,1.0,0.0,0.0,60.0,0.2,0.0,1.0,100.0,1.0,0.86,0.25,False,114.0,0.98,1.4,0.005,0.98,0,0,0,0,0,0,0,0,0,0,0,0,0,0,0,0,0,0,30.0,0.0,"[0.84, 0.86, 0.88, 0.9, 0.91, 0.92, 0.9400000000000001, 0.95, 0.95, 0.9400000000000001, 0.93]"
71,2022 Audi e-tron S Sportback (21/22 inch wheels),2022,BEV,0.3090835928468883,2.7731850069593835,1359.166,-0.53,0.59,2.6,136.0,2948.3539113316583,0.0,1.0,0.0,9.89,0.0,"[0.1, 0.12, 0.16, 0.22, 0.28, 0.33, 0.35, 0.36, 0.35, 0.34, 0.32, 0.3]",SI,6.0,61.0,2.13,"[0.0, 0.02, 0.04, 0.06, 0.08, 0.1, 0.2, 0.4, 0.6, 0.8, 1.0]",414.0,4.0,False,0.833,21.6,407.00000000000006,95.0,8.0,75.0,0.97,110.0,-0.6811,0.815,4.0,0.0060154131801476,0.336,0.7,0.0,1.0,0.0,0.0,60.0,0.2,0.0,1.0,100.0,1.0,0.86,0.25,False,114.0,0.98,1.4,0.005,0.98,0,0,0,0,0,0,0,0,0,0,0,0,0,0,0,0,0,0,30.0,0.0,"[0.84, 0.86, 0.88, 0.9, 0.91, 0.92, 0.9400000000000001, 0.95, 0.95, 0.9400000000000001, 0.93]"
72,2022 BMW i4 M50 Gran Coupe (19 inch wheels),2022,BEV,0.29058598423013,2.2787058847969797,1359.166,-0.53,0.59,2.6,136.0,2381.3627745371086,0.0,1.0,0.0,9.89,0.0,"[0.1, 0.12, 0.16, 0.22, 0.28, 0.33, 0.35, 0.36, 0.35, 0.34, 0.32, 0.3]",SI,6.0,61.0,2.13,"[0.0, 0.02, 0.04, 0.06, 0.08, 0.1, 0.2, 0.4, 0.6, 0.8, 1.0]",420.0,4.0,False,0.833,21.6,440.00000000000006,83.9,8.0,75.0,0.97,110.0,-0.6811,0.815,4.0,0.0084329581987065,0.336,0.7,0.0,1.0,0.0,0.0,60.0,0.2,0.0,1.0,100.0,1.0,0.86,0.25,False,114.0,0.98,1.4,0.005,0.98,0,0,0,0,0,0,0,0,0,0,0,0,0,0,0,0,0,0,30.0,0.0,"[0.84, 0.86, 0.88, 0.9, 0.91, 0.92, 0.9400000000000001, 0.95, 0.95, 0.9400000000000001, 0.93]"
73,2022 Tesla Model 3 Long Range AWD,2022,BEV,0.2598126475247364,2.2675955964360943,1359.166,-0.53,0.59,2.6,136.0,1927.769865101469,0.0,1.0,0.0,9.89,0.0,"[0.1, 0.12, 0.16, 0.22, 0.28, 0.33, 0.35, 0.36, 0.35, 0.34, 0.32, 0.3]",SI,6.0,61.0,2.13,"[0.0, 0.02, 0.04, 0.06, 0.08, 0.1, 0.2, 0.4, 0.6, 0.8, 1.0]",329.0,4.0,False,0.833,21.6,361.9,82.0,8.0,75.0,0.97,110.0,-0.6811,0.815,4.0,0.0084729848877462,0.336,0.7,0.0,1.0,0.0,0.0,60.0,0.2,0.0,1.0,100.0,1.0,0.86,0.25,False,114.0,0.98,1.4,0.005,0.98,0,0,0,0,0,0,0,0,0,0,0,0,0,0,0,0,0,0,30.0,0.0,"[0.84, 0.86, 0.88, 0.9, 0.91, 0.92, 0.9400000000000001, 0.95, 0.95, 0.9400000000000001, 0.93]"
74,2022 Volkswagen ID.4 Pro S,2022,BEV,0.2876245941652509,2.602521984215498,1359.166,-0.53,0.59,2.6,136.0,2267.9645471781987,0.0,1.0,0.0,9.89,0.0,"[0.1, 0.12, 0.16, 0.22, 0.28, 0.33, 0.35, 0.36, 0.35, 0.34, 0.32, 0.3]",SI,6.0,61.0,2.13,"[0.0, 0.02, 0.04, 0.06, 0.08, 0.1, 0.2, 0.4, 0.6, 0.8, 1.0]",150.0,4.0,False,0.833,21.6,165.0,82.0,8.0,75.0,0.97,110.0,-0.6811,0.815,4.0,0.0064376845049019,0.336,0.7,0.0,1.0,0.0,0.0,60.0,0.2,0.0,1.0,100.0,1.0,0.86,0.25,False,114.0,0.98,1.4,0.005,0.98,0,0,0,0,0,0,0,0,0,0,0,0,0,0,0,0,0,0,30.0,0.0,"[0.84, 0.86, 0.88, 0.9, 0.91, 0.92, 0.9400000000000001, 0.95, 0.95, 0.9400000000000001, 0.93]"
75,2022 Audi RS e-tron GT,2022,BEV,0.3137798462118641,2.348416637829346,1359.166,-0.53,0.59,2.6,136.0,2494.7610018960186,0.0,1.0,0.0,9.89,0.0,"[0.1, 0.12, 0.16, 0.22, 0.28, 0.33, 0.35, 0.36, 0.35, 0.34, 0.32, 0.3]",SI,6.0,61.0,2.13,"[0.0, 0.02, 0.04, 0.06, 0.08, 0.1, 0.2, 0.4, 0.6, 0.8, 1.0]",510.0,4.0,False,0.833,21.6,522.5,93.4,8.0,75.0,0.97,110.0,-0.6811,0.815,4.0,0.008431696326208,0.336,0.7,0.0,1.0,0.0,0.0,60.0,0.2,0.0,1.0,100.0,1.0,0.86,0.25,False,114.0,0.98,1.4,0.005,0.98,0,0,0,0,0,0,0,0,0,0,0,0,0,0,0,0,0,0,30.0,0.0,"[0.84, 0.86, 0.88, 0.9, 0.91, 0.92, 0.9400000000000001, 0.95, 0.95, 0.9400000000000001, 0.93]"
76,2022 BMW i4 eDrive40 Gran Coupe (19 inch wheels),2022,BEV,0.2756433983912615,2.298694532909234,1359.166,-0.53,0.59,2.6,136.0,2267.9645471781987,0.0,1.0,0.0,9.89,0.0,"[0.1, 0.12, 0.16, 0.22, 0.28, 0.33, 0.35, 0.36, 0.35, 0.34, 0.32, 0.3]",SI,6.0,61.0,2.13,"[0.0, 0.02, 0.04, 0.06, 0.08, 0.1, 0.2, 0.4, 0.6, 0.8, 1.0]",250.0,4.0,False,0.833,21.6,275.0,83.9,8.0,75.0,0.97,110.0,-0.6811,0.815,4.0,0.0068234658711195,0.336,0.7,0.0,1.0,0.0,0.0,60.0,0.2,0.0,1.0,100.0,1.0,0.86,0.25,False,114.0,0.98,1.4,0.005,0.98,0,0,0,0,0,0,0,0,0,0,0,0,0,0,0,0,0,0,30.0,0.0,"[0.84, 0.86, 0.88, 0.9, 0.91, 0.92, 0.9400000000000001, 0.95, 0.95, 0.9400000000000001, 0.93]"
77,2022 Rivian R1T,2022,BEV,0.324394971751047,3.279114416435473,1359.166,-0.53,0.59,2.6,136.0,3175.150366049478,0.0,1.0,0.0,9.89,0.0,"[0.1, 0.12, 0.16, 0.22, 0.28, 0.33, 0.35, 0.36, 0.35, 0.34, 0.32, 0.3]",SI,6.0,61.0,2.13,"[0.0, 0.02, 0.04, 0.06, 0.08, 0.1, 0.2, 0.4, 0.6, 0.8, 1.0]",623.0,4.0,False,0.833,21.6,685.3000000000001,135.0,8.0,75.0,0.97,110.0,-0.6811,0.815,4.0,0.0078187800685108,0.336,0.7,0.0,1.0,0.0,0.0,60.0,0.2,0.0,1.0,100.0,1.0,0.86,0.25,False,114.0,0.98,1.4,0.005,0.98,0,0,0,0,0,0,0,0,0,0,0,0,0,0,0,0,0,0,30.0,0.0,"[0.84, 0.86, 0.88, 0.9, 0.91, 0.92, 0.9400000000000001, 0.95, 0.95, 0.9400000000000001, 0.93]"
78,2022 Ford Mustang Mach-E RWD,2022,BEV,0.3294476686932314,2.6006629576832467,1359.166,-0.53,0.59,2.6,136.0,2154.5663198192888,0.0,1.0,0.0,9.89,0.0,"[0.1, 0.12, 0.16, 0.22, 0.28, 0.33, 0.35, 0.36, 0.35, 0.34, 0.32, 0.3]",SI,6.0,61.0,2.13,"[0.0, 0.02, 0.04, 0.06, 0.08, 0.1, 0.2, 0.4, 0.6, 0.8, 1.0]",198.0,4.0,False,0.833,21.6,217.8,70.0,8.0,75.0,0.97,110.0,-0.6811,0.815,4.0,0.0069651507764752,0.336,0.7,0.0,1.0,0.0,0.0,60.0,0.2,0.0,1.0,100.0,1.0,0.86,0.25,False,114.0,0.98,1.4,0.005,0.98,0,0,0,0,0,0,0,0,0,0,0,0,0,0,0,0,0,0,30.0,0.0,"[0.84, 0.86, 0.88, 0.9, 0.91, 0.92, 0.9400000000000001, 0.95, 0.95, 0.9400000000000001, 0.93]"
79,2022 Tesla Model S,2022,BEV,0.2605451149109639,2.4143544992564365,1359.166,-0.53,0.59,2.6,136.0,2154.5663198192888,0.0,1.0,0.0,9.89,0.0,"[0.1, 0.12, 0.16, 0.22, 0.28, 0.33, 0.35, 0.36, 0.35, 0.34, 0.32, 0.3]",SI,6.0,61.0,2.13,"[0.0, 0.02, 0.04, 0.06, 0.08, 0.1, 0.2, 0.4, 0.6, 0.8, 1.0]",500.0,4.0,False,0.833,21.6,550.0,100.0,8.0,75.0,0.97,110.0,-0.6811,0.815,4.0,0.0075421152821598,0.336,0.7,0.0,1.0,0.0,0.0,60.0,0.2,0.0,1.0,100.0,1.0,0.86,0.25,False,114.0,0.98,1.4,0.005,0.98,0,0,0,0,0,0,0,0,0,0,0,0,0,0,0,0,0,0,30.0,0.0,"[0.84, 0.86, 0.88, 0.9, 0.91, 0.92, 0.9400000000000001, 0.95, 0.95, 0.9400000000000001, 0.93]"
80,2022 Polestar 2 Single Motor,2022,BEV,0.3019461371362965,2.3362534494855933,1359.166,0.53,0.59,2.6,136.0,2154.5663198192888,0.0,1.0,0.0,9.89,0.0,"[0.1, 0.12, 0.16, 0.22, 0.28, 0.33, 0.35, 0.36, 0.35, 0.34, 0.32, 0.3]",SI,6.0,61.0,2.13,"[0.0, 0.02, 0.04, 0.06, 0.08, 0.1, 0.2, 0.4, 0.6, 0.8, 1.0]",172.0,4.0,False,0.833,21.6,189.2,78.0,8.0,75.0,0.97,110.0,-0.6811,0.815,4.0,0.0072003020285661,0.336,0.7,0.0,1.0,0.0,0.0,60.0,0.2,0.0,1.0,100.0,1.0,0.86,0.25,False,114.0,0.98,1.4,0.005,0.98,0,0,0,0,0,0,0,0,0,0,0,0,0,0,0,0,0,0,30.0,0.0,"[0.84, 0.86, 0.88, 0.9, 0.91, 0.92, 0.9400000000000001, 0.95, 0.95, 0.9400000000000001, 0.93]"
81,2022 Ford F-150 Lightning Platinum 4WD,2022,BEV,0.4192239688303137,3.4350861941059083,1359.166,-0.53,0.59,2.6,136.0,3175.150366049478,0.0,1.0,0.0,9.89,0.0,"[0.1, 0.12, 0.16, 0.22, 0.28, 0.33, 0.35, 0.36, 0.35, 0.34, 0.32, 0.3]",SI,6.0,61.0,2.13,"[0.0, 0.02, 0.04, 0.06, 0.08, 0.1, 0.2, 0.4, 0.6, 0.8, 1.0]",433.0,4.0,False,0.833,21.6,476.3,131.0,8.0,75.0,0.97,110.0,-0.6811,0.815,4.0,0.0058609778152219,0.336,0.7,0.0,1.0,0.0,0.0,60.0,0.2,0.0,1.0,100.0,1.0,0.86,0.25,False,114.0,0.98,1.4,0.005,0.98,0,0,0,0,0,0,0,0,0,0,0,0,0,0,0,0,0,0,30.0,0.0,"[0.84, 0.86, 0.88, 0.9, 0.91, 0.92, 0.9400000000000001, 0.95, 0.95, 0.9400000000000001, 0.93]"
82,2022 Chevrolet Bolt EUV,2022,BEV,0.2991538824602912,2.811111341758931,1359.166,0.53,0.59,2.6,136.0,1814.371637742559,0.0,1.0,0.0,9.89,0.0,"[0.1, 0.12, 0.16, 0.22, 0.28, 0.33, 0.35, 0.36, 0.35, 0.34, 0.32, 0.3]",SI,6.0,61.0,2.13,"[0.0, 0.02, 0.04, 0.06, 0.08, 0.1, 0.2, 0.4, 0.6, 0.8, 1.0]",150.0,4.0,False,0.833,21.6,165.0,65.0,8.0,75.0,0.97,110.0,-0.6811,0.815,4.0,0.0077672054690161,0.336,0.7,0.0,1.0,0.0,0.0,60.0,0.2,0.0,1.0,100.0,1.0,0.86,0.25,False,114.0,0.98,1.4,0.005,0.98,0,0,0,0,0,0,0,0,0,0,0,0,0,0,0,0,0,0,30.0,0.0,"[0.84, 0.86, 0.88, 0.9, 0.91, 0.92, 0.9400000000000001, 0.95, 0.95, 0.9400000000000001, 0.93]"
83,2022 Porsche Taycan Turbo Cross Turismo,2022,BEV,0.3404769419421531,2.364637878190402,1359.166,-0.53,0.59,2.6,136.0,2494.7610018960186,0.0,1.0,0.0,9.89,0.0,"[0.1, 0.12, 0.16, 0.22, 0.28, 0.33, 0.35, 0.36, 0.35, 0.34, 0.32, 0.3]",SI,6.0,61.0,2.13,"[0.0, 0.02, 0.04, 0.06, 0.08, 0.1, 0.2, 0.4, 0.6, 0.8, 1.0]",510.0,4.0,False,0.833,21.6,504.9,93.4,8.0,75.0,0.97,110.0,-0.6811,0.815,4.0,0.0089090014465182,0.336,0.7,0.0,1.0,0.0,0.0,60.0,0.2,0.0,1.0,100.0,1.0,0.86,0.25,False,114.0,0.98,1.4,0.005,0.98,0,0,0,0,0,0,0,0,0,0,0,0,0,0,0,0,0,0,30.0,0.0,"[0.84, 0.86, 0.88, 0.9, 0.91, 0.92, 0.9400000000000001, 0.95, 0.95, 0.9400000000000001, 0.93]"
